host_data,distinct_uid_count,uids,shapes
0x1b709400,16,5350;5351;5468;5469;5586;5587;5704;5705;5822;5823;5940;5941;6058;6059;6176;6177,[1];[1];[1];[1];[1];[1];[1];[1];[1];[1];[1];[1];[1];[1];[1];[1]
0x68148400,10,9244;9245;9362;9363;9480;9481;9598;9599;9716;9717,[1];[1];[1];[1];[1];[1];[1];[1];[1];[1]
0x6da6f600,10,2636;2637;2754;2755;2872;2873;2990;2991;3108;3109,[1];[1];[1];[1];[1];[1];[1];[1];[1];[1]
0x70a92780,10,11368;11369;11486;11487;11604;11605;11722;11723;11840;11841,[1];[1];[1];[1];[1];[1];[1];[1];[1];[1]
0x19cb6dc0,6,9952;9953;10070;10071;10188;10189,[1];[1];[1];[1];[1];[1]
0x19e37900,6,8772;8773;8890;8891;9008;9009,[1];[1];[1];[1];[1];[1]
0x1b55d380,6,11014;11015;11132;11133;11250;11251,[1];[1];[1];[1];[1];[1]
0x1b9b36c0,6,750;751;866;867;984;985,[1];[1];[1];[1];[1];[1]
0x1e221f00,6,7356;7357;7474;7475;7592;7593,[1];[1];[1];[1];[1];[1]
0x49f58000,6,2046;2047;2164;2165;2282;2283,[1];[1];[1];[1];[1];[1]
0x6dd02300,6,4996;4997;5114;5115;5232;5233,[1];[1];[1];[1];[1];[1]
0xf1dfd40,6,3698;3699;3816;3817;3934;3935,[1];[1];[1];[1];[1];[1]
0x11098640,4,4644;4645;10190;10191,"[8, 1];[8, 1];[8, 1];[8, 1]"
0x111c3900,4,4406;4407;4524;4525,[1];[1];[1];[1]
0x11ad3600,4,10778;10779;10896;10897,[1];[1];[1];[1]
0x15fc3600,4,7710;7711;7828;7829,[1];[1];[1];[1]
0x17f94c40,4,4170;4171;4288;4289,[1];[1];[1];[1]
0x1fcce180,4,7120;7121;7238;7239,[1];[1];[1];[1]
0x49dac280,4,1456;1457;1574;1575,[1];[1];[1];[1]
0x49e49ac0,4,1458;1459;6532;6533,"[8, 1];[8, 1];[8, 1];[8, 1]"
0x49e9a9c0,4,2520;2521;9600;9601,"[8, 1];[8, 1];[8, 1];[8, 1]"
0x49ec2380,4,6296;6297;11842;11843,"[8, 1];[8, 1];[8, 1];[8, 1]"
0x49f12c40,4,6414;6415;11016;11017,"[8, 1];[8, 1];[8, 1];[8, 1]"
0x4a071340,4,2400;2401;2518;2519,[1];[1];[1];[1]
0x4a1f6580,4,4642;4643;4760;4761,[1];[1];[1];[1]
0x70c1d1c0,4,4762;4763;10308;10309,"[8, 1];[8, 1];[8, 1];[8, 1]"
0x70deeb00,4,3344;3345;3462;3463,[1];[1];[1];[1]
0x110c2540,2,9364;9365,"[8, 1];[8, 1]"
0x117c4d40,2,598;599,[3072];[3072]
0x117ccc40,2,582;583,[3072];[3072]
0x117e5fc0,2,506;507,[32];[32]
0x11825100,2,512;513,[3072];[3072]
0x11833dc0,2,590;591,[3072];[3072]
0x13106700,2,8536;8537,[1];[1]
0x14d3e2c0,2,7358;7359,"[8, 1];[8, 1]"
0x15fc94c0,2,7594;7595,"[8, 1];[8, 1]"
0x165e1140,2,5116;5117,"[8, 1];[8, 1]"
0x165f9ec0,2,6060;6061,"[8, 1];[8, 1]"
0x175fad40,2,868;869,"[8, 1];[8, 1]"
0x17611c80,2,3818;3819,"[8, 1];[8, 1]"
0x17864800,2,748;749,"[8, 1];[8, 1]"
0x178c9780,2,10544;10545,"[8, 1];[8, 1]"
0x178cf380,2,618;619,[3072];[3072]
0x185ef700,2,620;621,[3072];[3072]
0x1874d000,2,606;607,[3072];[3072]
0x1887c140,2,11606;11607,"[8, 1];[8, 1]"
0x188876c0,2,1810;1811,[1];[1]
0x197e8d40,2,7712;7713,"[8, 1];[8, 1]"
0x19c4fcc0,2,8654;8655,[1];[1]
0x1a3f5f40,2,8302;8303,"[8, 1];[8, 1]"
0x1a400800,2,9482;9483,"[8, 1];[8, 1]"
0x1a503a40,2,8182;8183,[1];[1]
0x1abe2b00,2,10306;10307,[1];[1]
0x1b540a00,2,6884;6885,[1];[1]
0x1b5c3540,2,8300;8301,[1];[1]
0x1b77b480,2,10660;10661,[1];[1]
0x1b91fb00,2,4052;4053,[1];[1]
0x1be14b00,2,10424;10425,[1];[1]
0x1dd745c0,2,7830;7831,"[8, 1];[8, 1]"
0x1e1dcc80,2,4172;4173,"[8, 1];[8, 1]"
0x1e1fb4c0,2,4290;4291,"[8, 1];[8, 1]"
0x4703d7c0,2,9834;9835,[1];[1]
0x49a3c0c0,2,7002;7003,[1];[1]
0x49b985c0,2,1102;1103,[1];[1]
0x49b997c0,2,3110;3111,"[8, 1];[8, 1]"
0x49bed6c0,2,11488;11489,"[8, 1];[8, 1]"
0x49cf2c00,2,8892;8893,"[8, 1];[8, 1]"
0x49d659c0,2,7004;7005,"[8, 1];[8, 1]"
0x49d6ac00,2,8420;8421,"[8, 1];[8, 1]"
0x49d8a140,2,6178;6179,"[8, 1];[8, 1]"
0x49dc39c0,2,4880;4881,"[8, 1];[8, 1]"
0x49dc4e00,2,7122;7123,"[8, 1];[8, 1]"
0x49dce280,2,10542;10543,[1];[1]
0x49e04100,2,4054;4055,"[8, 1];[8, 1]"
0x49e26700,2,9010;9011,"[8, 1];[8, 1]"
0x49eee480,2,8656;8657,"[8, 1];[8, 1]"
0x4a0610c0,2,5470;5471,"[8, 1];[8, 1]"
0x4a09ad80,2,7240;7241,"[8, 1];[8, 1]"
0x4a0cc600,2,8774;8775,"[8, 1];[8, 1]"
0x4a0cc780,2,5352;5353,"[8, 1];[8, 1]"
0x4a0ff380,2,4408;4409,"[8, 1];[8, 1]"
0x4a120980,2,2166;2167,"[8, 1];[8, 1]"
0x4a18e080,2,4998;4999,"[8, 1];[8, 1]"
0x4a1ea140,2,6530;6531,[1];[1]
0x4cfc9740,2,9128;9129,"[8, 1];[8, 1]"
0x4cfeff80,2,1930;1931,"[8, 1];[8, 1]"
0x4d050f40,2,1220;1221,[1];[1]
0x4d0b4bc0,2,7948;7949,"[8, 1];[8, 1]"
0x4d0b4c40,2,6886;6887,"[8, 1];[8, 1]"
0x4d0fed80,2,8538;8539,"[8, 1];[8, 1]"
0x529e8880,2,2638;2639,"[8, 1];[8, 1]"
0x529e8900,2,3700;3701,"[8, 1];[8, 1]"
0x52c43e80,2,3346;3347,"[8, 1];[8, 1]"
0x681c7380,2,6648;6649,[1];[1]
0x681d0e80,2,6412;6413,[1];[1]
0x6ac6cb40,2,6294;6295,[1];[1]
0x6d9594c0,2,11724;11725,"[8, 1];[8, 1]"
0x6d9e1640,2,5588;5589,"[8, 1];[8, 1]"
0x6d9f1540,2,1340;1341,"[8, 1];[8, 1]"
0x6da49440,2,3464;3465,"[8, 1];[8, 1]"
0x6da7ac00,2,2048;2049,"[8, 1];[8, 1]"
0x6da8e600,2,6768;6769,"[8, 1];[8, 1]"
0x6dadc680,2,6650;6651,"[8, 1];[8, 1]"
0x6daf3f40,2,11134;11135,"[8, 1];[8, 1]"
0x6db09340,2,1576;1577,"[8, 1];[8, 1]"
0x6db2f3c0,2,9246;9247,"[8, 1];[8, 1]"
0x6db64240,2,8418;8419,[1];[1]
0x6dd08980,2,7946;7947,[1];[1]
0x6de4acc0,2,8064;8065,[1];[1]
0x6e161540,2,3936;3937,"[8, 1];[8, 1]"
0x6e1cedc0,2,3226;3227,[1];[1]
0x6e229000,2,3228;3229,"[8, 1];[8, 1]"
0x6e23b340,2,10662;10663,"[8, 1];[8, 1]"
0x7095b800,2,3580;3581,[1];[1]
0x709f2400,2,9718;9719,"[8, 1];[8, 1]"
0x70ab1a40,2,1694;1695,"[8, 1];[8, 1]"
0x70b84840,2,10780;10781,"[8, 1];[8, 1]"
0x70bdb680,2,2756;2757,"[8, 1];[8, 1]"
0x70bf7fc0,2,2284;2285,"[8, 1];[8, 1]"
0x70c77600,2,1812;1813,"[8, 1];[8, 1]"
0x70d73200,2,11370;11371,"[8, 1];[8, 1]"
0x70db3c80,2,7476;7477,"[8, 1];[8, 1]"
0x70e4d300,2,11252;11253,"[8, 1];[8, 1]"
0x70e61ac0,2,5942;5943,"[8, 1];[8, 1]"
0x70e71540,2,8066;8067,"[8, 1];[8, 1]"
0x70efff40,2,9126;9127,[1];[1]
0x70f09580,2,2402;2403,"[8, 1];[8, 1]"
0x70f142c0,2,1928;1929,[1];[1]
0x70f2d980,2,5824;5825,"[8, 1];[8, 1]"
0x70f33c80,2,10426;10427,"[8, 1];[8, 1]"
0x70fb38c0,2,3582;3583,"[8, 1];[8, 1]"
0x710eb240,2,6766;6767,[1];[1]
0x711222c0,2,9954;9955,"[8, 1];[8, 1]"
0x7113d700,2,8184;8185,"[8, 1];[8, 1]"
0x7121ab00,2,1222;1223,"[8, 1];[8, 1]"
0x7123ac00,2,10898;10899,"[8, 1];[8, 1]"
0x7a5ba40,2,548;549,[3072];[3072]
0x7f1f3507f040,2,510;511,"[128256, 3072];[128256, 3072]"
0x7f22c2248040,2,630;631,"[128256, 3072];[128256, 3072]"
0xe7f6f40,2,592;593,[3072];[3072]
0xe7fa580,2,538;539,[3072];[3072]
0xe81eb00,2,542;543,[3072];[3072]
0xe836bc0,2,612;613,[3072];[3072]
0xe84b4c0,2,540;541,[3072];[3072]
0xe850e40,2,522;523,[3072];[3072]
0xe86b240,2,524;525,[3072];[3072]
0xe86cd80,2,530;531,[3072];[3072]
0xe8e0240,2,520;521,[3072];[3072]
0xe9609c0,2,2874;2875,"[8, 1];[8, 1]"
0xe980f40,2,614;615,[3072];[3072]
0xe98fb00,2,528;529,[3072];[3072]
0xe9aa940,2,550;551,[3072];[3072]
0xea3b600,2,5706;5707,"[8, 1];[8, 1]"
0xeaa8a00,2,626;627,[64];[64]
0xeaae900,2,9836;9837,"[8, 1];[8, 1]"
0xeac8f40,2,2992;2993,"[8, 1];[8, 1]"
0xeb14bc0,2,504;505,"[8, 32];[8, 32]"
0xeba5e40,2,622;623,[3072];[3072]
0xebe3bc0,2,534;535,[3072];[3072]
0xec45280,2,4526;4527,"[8, 1];[8, 1]"
0xecadd80,2,4878;4879,[1];[1]
0xed14740,2,554;555,[3072];[3072]
0xed70640,2,544;545,[3072];[3072]
0xee18d40,2,5234;5235,"[8, 1];[8, 1]"
0xee20340,2,526;527,[3072];[3072]
0xee52a00,2,508;509,"[8, 128];[8, 128]"
0xeebd200,2,1338;1339,[1];[1]
0xeed6400,2,1692;1693,[1];[1]
0xef07bc0,2,518;519,[3072];[3072]
0xef61b40,2,568;569,[3072];[3072]
0xefcb640,2,576;577,[3072];[3072]
0xf01ad80,2,570;571,[3072];[3072]
0xf095300,2,514;515,[3072];[3072]
0xf097440,2,532;533,[3072];[3072]
0xf09ce00,2,628;629,[64];[64]
0xf0e1380,2,986;987,"[8, 1];[8, 1]"
0xf164300,2,564;565,[3072];[3072]
0xf287280,2,604;605,[3072];[3072]
0xf33b380,2,536;537,[3072];[3072]
0xf361780,2,588;589,[3072];[3072]
0xf3d5f40,2,546;547,[3072];[3072]
0xf41fd00,2,608;609,[3072];[3072]
0xf42e800,2,602;603,[3072];[3072]
0xf435600,2,574;575,[3072];[3072]
0xf46fec0,2,566;567,[3072];[3072]
0xf487200,2,572;573,[3072];[3072]
0xf4bb300,2,586;587,[3072];[3072]
0xf4c0f00,2,556;557,[3072];[3072]
0xf4ef100,2,594;595,[3072];[3072]
0xf4fdf40,2,584;585,[3072];[3072]
0xf56e880,2,600;601,[3072];[3072]
0xf5cd480,2,560;561,[3072];[3072]
0xf5d5340,2,10072;10073,"[8, 1];[8, 1]"
0xf5de780,2,596;597,[3072];[3072]
0xf609880,2,580;581,[3072];[3072]
0xf617900,2,624;625,[3072];[3072]
0xf62b540,2,562;563,[3072];[3072]
0xf634100,2,632;633,[];[]
0xf6535c0,2,516;517,[3072];[3072]
0xf65b780,2,578;579,[3072];[3072]
0xf694f80,2,610;611,[3072];[3072]
0xf6d4540,2,616;617,[3072];[3072]
0xf733ec0,2,558;559,[3072];[3072]
0xf75db80,2,552;553,[3072];[3072]
0xf77e380,2,1104;1105,"[8, 1];[8, 1]"
0x100d3380,1,106,"[8, 4, 128, 128]"
0x10251300,1,57,"[8, 4, 128, 128]"
0x10451340,1,55,"[8, 4, 128, 128]"
0x10651380,1,53,"[8, 4, 128, 128]"
0x108513c0,1,51,"[8, 4, 128, 128]"
0x10a51400,1,49,"[8, 4, 128, 128]"
0x10c51440,1,48,"[8, 4, 128, 128]"
0x10e51480,1,93,"[8, 4, 128, 128]"
0x10f514c0,1,94,"[8, 4, 128, 128]"
0x1133ac00,1,3,"[8, 4, 128, 128]"
0x11536b80,1,5,"[8, 4, 128, 128]"
0x1169f680,1,1,"[8, 4, 128, 128]"
0x118d3700,1,47,"[8, 4, 128, 128]"
0x11ad3740,1,45,"[8, 4, 128, 128]"
0x11cd3780,1,43,"[8, 4, 128, 128]"
0x11ed37c0,1,42,"[8, 4, 128, 128]"
0x120d3800,1,41,"[8, 4, 128, 128]"
0x122d3840,1,39,"[8, 4, 128, 128]"
0x124d3880,1,37,"[8, 4, 128, 128]"
0x126d38c0,1,35,"[8, 4, 128, 128]"
0x128d3900,1,33,"[8, 4, 128, 128]"
0x12ad3940,1,32,"[8, 4, 128, 128]"
0x12cd3980,1,31,"[8, 4, 128, 128]"
0x12ed39c0,1,109,"[8, 4, 128, 128]"
0x12fd3a00,1,110,"[8, 4, 128, 128]"
0x139a3bc0,1,86,"[8, 4, 128, 128]"
0x13aa3c00,1,87,"[8, 4, 128, 128]"
0x1441cc00,1,29,"[8, 4, 128, 128]"
0x1461cc40,1,27,"[8, 4, 128, 128]"
0x1481cc80,1,26,"[8, 4, 128, 128]"
0x14a1ccc0,1,25,"[8, 4, 128, 128]"
0x14c1cd00,1,23,"[8, 4, 128, 128]"
0x14e1cd40,1,21,"[8, 4, 128, 128]"
0x1501cd80,1,19,"[8, 4, 128, 128]"
0x1521cdc0,1,17,"[8, 4, 128, 128]"
0x1541ce00,1,15,"[8, 4, 128, 128]"
0x1561ce40,1,13,"[8, 4, 128, 128]"
0x1581ce80,1,12,"[8, 4, 128, 128]"
0x15a1cec0,1,11,"[8, 4, 128, 128]"
0x15c1cf00,1,9,"[8, 4, 128, 128]"
0x15e1cf40,1,8,"[8, 4, 128, 128]"
0x1601cf80,1,7,"[8, 4, 128, 128]"
0x1621cfc0,1,10,"[8, 4, 128, 128]"
0x1641d000,1,14,"[8, 4, 128, 128]"
0x1661d040,1,18,"[8, 4, 128, 128]"
0x1681d080,1,22,"[8, 4, 128, 128]"
0x16a1d0c0,1,24,"[8, 4, 128, 128]"
0x16c1d100,1,28,"[8, 4, 128, 128]"
0x16e1d140,1,30,"[8, 4, 128, 128]"
0x1701d180,1,34,"[8, 4, 128, 128]"
0x1721d1c0,1,36,"[8, 4, 128, 128]"
0x1741d200,1,40,"[8, 4, 128, 128]"
0x1761d240,1,83,"[8, 4, 128, 128]"
0x1771d280,1,84,"[8, 4, 128, 128]"
0x18634480,1,2,"[8, 4, 128, 128]"
0x1891d140,1,73,"[8, 4, 128, 128]"
0x18b1d180,1,71,"[8, 4, 128, 128]"
0x18d1d1c0,1,97,"[8, 4, 128, 128]"
0x18e1d200,1,98,"[8, 4, 128, 128]"
0x18fef540,1,75,"[8, 4, 128, 128]"
0x191ef580,1,20,"[8, 4, 128, 128]"
0x193ef5c0,1,6,"[8, 4, 128, 128]"
0x19574c00,1,101,"[8, 4, 128, 128]"
0x19674c40,1,102,"[8, 4, 128, 128]"
0x197f4680,1,81,"[8, 4, 128, 128]"
0x199f46c0,1,69,"[8, 4, 128, 128]"
0x19ee33c0,1,77,"[8, 4, 128, 128]"
0x1a0e3400,1,16,"[8, 4, 128, 128]"
0x1a2e3440,1,4,"[8, 4, 128, 128]"
0x1a7b0c40,1,79,"[8, 4, 128, 128]"
0x1a9b0c80,1,89,"[8, 4, 128, 128]"
0x1aab0cc0,1,90,"[8, 4, 128, 128]"
0x1b7f33c0,1,67,"[8, 4, 128, 128]"
0x1b9f3400,1,65,"[8, 4, 128, 128]"
0x1bbf3440,1,38,"[8, 4, 128, 128]"
0x1bdf3480,1,0,"[8, 4, 128, 128]"
0x1c240cc0,1,44,"[8, 4, 128, 128]"
0x1c440d00,1,46,"[8, 4, 128, 128]"
0x1c640d40,1,50,"[8, 4, 128, 128]"
0x1c840d80,1,52,"[8, 4, 128, 128]"
0x1ca40dc0,1,54,"[8, 4, 128, 128]"
0x1cc40e00,1,56,"[8, 4, 128, 128]"
0x1ce40e40,1,58,"[8, 4, 128, 128]"
0x1d040e80,1,60,"[8, 4, 128, 128]"
0x1d240ec0,1,64,"[8, 4, 128, 128]"
0x1d440f00,1,66,"[8, 4, 128, 128]"
0x1d640f40,1,68,"[8, 4, 128, 128]"
0x1d840f80,1,70,"[8, 4, 128, 128]"
0x1da40fc0,1,72,"[8, 4, 128, 128]"
0x1dc41000,1,74,"[8, 4, 128, 128]"
0x1de41040,1,76,"[8, 4, 128, 128]"
0x1e041080,1,78,"[8, 4, 128, 128]"
0x1e2410c0,1,80,"[8, 4, 128, 128]"
0x1e441100,1,82,"[8, 4, 128, 128]"
0x1e641140,1,85,"[8, 4, 128, 128]"
0x1e841180,1,88,"[8, 4, 128, 128]"
0x1ea411c0,1,91,"[8, 4, 128, 128]"
0x1ec41200,1,92,"[8, 4, 128, 128]"
0x1ee41240,1,95,"[8, 4, 128, 128]"
0x1f041280,1,96,"[8, 4, 128, 128]"
0x1f2412c0,1,99,"[8, 4, 128, 128]"
0x1f441300,1,100,"[8, 4, 128, 128]"
0x1f641340,1,103,"[8, 4, 128, 128]"
0x1f841380,1,104,"[8, 4, 128, 128]"
0x1fa413c0,1,107,"[8, 4, 128, 128]"
0x1fc41400,1,108,"[8, 4, 128, 128]"
0x1fe41440,1,111,"[8, 4, 128, 128]"
0x202414c0,1,118,"[1536, 3072]"
0x20b414c0,1,119,"[1536, 3072]"
0x21441500,1,120,"[512, 3072]"
0x21741500,1,121,"[512, 3072]"
0x21a41540,1,122,"[512, 3072]"
0x21d41540,1,123,"[512, 3072]"
0x22041580,1,138,"[3072, 1536]"
0x232415c0,1,132,"[1536, 3072]"
0x23b415c0,1,133,"[1536, 3072]"
0x24441600,1,134,"[512, 3072]"
0x24741600,1,135,"[512, 3072]"
0x24a41640,1,136,"[512, 3072]"
0x24d41640,1,137,"[512, 3072]"
0x25041680,1,152,"[3072, 1536]"
0x262416c0,1,146,"[1536, 3072]"
0x26b416c0,1,147,"[1536, 3072]"
0x27441700,1,148,"[512, 3072]"
0x27741700,1,149,"[512, 3072]"
0x27a41740,1,150,"[512, 3072]"
0x27d41740,1,151,"[512, 3072]"
0x28041780,1,166,"[3072, 1536]"
0x292417c0,1,160,"[1536, 3072]"
0x29b417c0,1,161,"[1536, 3072]"
0x2a441800,1,162,"[512, 3072]"
0x2a741800,1,163,"[512, 3072]"
0x2aa41840,1,164,"[512, 3072]"
0x2ad41840,1,165,"[512, 3072]"
0x2b041880,1,180,"[3072, 1536]"
0x2c2418c0,1,174,"[1536, 3072]"
0x2cb418c0,1,175,"[1536, 3072]"
0x2d441900,1,176,"[512, 3072]"
0x2d741900,1,177,"[512, 3072]"
0x2da41940,1,178,"[512, 3072]"
0x2dd41940,1,179,"[512, 3072]"
0x2e041980,1,194,"[3072, 1536]"
0x2f2419c0,1,188,"[1536, 3072]"
0x2fb419c0,1,189,"[1536, 3072]"
0x30441a00,1,190,"[512, 3072]"
0x30741a00,1,191,"[512, 3072]"
0x30a41a40,1,192,"[512, 3072]"
0x30d41a40,1,193,"[512, 3072]"
0x31041a80,1,208,"[3072, 1536]"
0x32241ac0,1,202,"[1536, 3072]"
0x32b41ac0,1,203,"[1536, 3072]"
0x33441b00,1,204,"[512, 3072]"
0x33741b00,1,205,"[512, 3072]"
0x33a41b40,1,206,"[512, 3072]"
0x33d41b40,1,207,"[512, 3072]"
0x34041b80,1,222,"[3072, 1536]"
0x35241bc0,1,216,"[1536, 3072]"
0x35b41bc0,1,217,"[1536, 3072]"
0x36441c00,1,218,"[512, 3072]"
0x36741c00,1,219,"[512, 3072]"
0x36a41c40,1,220,"[512, 3072]"
0x36d41c40,1,221,"[512, 3072]"
0x37041c80,1,236,"[3072, 1536]"
0x38241cc0,1,230,"[1536, 3072]"
0x38b41cc0,1,231,"[1536, 3072]"
0x39441d00,1,232,"[512, 3072]"
0x39741d00,1,233,"[512, 3072]"
0x39a41d40,1,234,"[512, 3072]"
0x39d41d40,1,235,"[512, 3072]"
0x3a041d80,1,250,"[3072, 1536]"
0x3b241dc0,1,244,"[1536, 3072]"
0x3bb41dc0,1,245,"[1536, 3072]"
0x3c441e00,1,246,"[512, 3072]"
0x3c741e00,1,247,"[512, 3072]"
0x3ca41e40,1,248,"[512, 3072]"
0x3cd41e40,1,249,"[512, 3072]"
0x3d041e80,1,264,"[3072, 1536]"
0x3e241ec0,1,258,"[1536, 3072]"
0x3eb41ec0,1,259,"[1536, 3072]"
0x3f441f00,1,260,"[512, 3072]"
0x3f741f00,1,261,"[512, 3072]"
0x3fa41f40,1,262,"[512, 3072]"
0x3fd41f40,1,263,"[512, 3072]"
0x40041f80,1,278,"[3072, 1536]"
0x41241fc0,1,272,"[1536, 3072]"
0x41b41fc0,1,273,"[1536, 3072]"
0x42442000,1,274,"[512, 3072]"
0x42742000,1,275,"[512, 3072]"
0x42a42040,1,276,"[512, 3072]"
0x42d42040,1,277,"[512, 3072]"
0x43042080,1,292,"[3072, 1536]"
0x442420c0,1,286,"[1536, 3072]"
0x44b420c0,1,287,"[1536, 3072]"
0x45442100,1,288,"[512, 3072]"
0x45742100,1,289,"[512, 3072]"
0x45a42140,1,290,"[512, 3072]"
0x45d42140,1,291,"[512, 3072]"
0x46042180,1,306,"[3072, 1536]"
0x472421c0,1,300,"[1536, 3072]"
0x47b421c0,1,301,"[1536, 3072]"
0x48442200,1,302,"[512, 3072]"
0x48742200,1,303,"[512, 3072]"
0x48a42240,1,304,"[512, 3072]"
0x48d42240,1,305,"[512, 3072]"
0x49042280,1,320,"[3072, 1536]"
0x4a2422c0,1,314,"[1536, 3072]"
0x4ab422c0,1,315,"[1536, 3072]"
0x4b442300,1,316,"[512, 3072]"
0x4b742300,1,317,"[512, 3072]"
0x4ba42340,1,318,"[512, 3072]"
0x4bd42340,1,319,"[512, 3072]"
0x4c042380,1,334,"[3072, 1536]"
0x4d2423c0,1,328,"[1536, 3072]"
0x4db423c0,1,329,"[1536, 3072]"
0x4e442400,1,330,"[512, 3072]"
0x4e742400,1,331,"[512, 3072]"
0x4ea42440,1,332,"[512, 3072]"
0x4ed42440,1,333,"[512, 3072]"
0x4f042480,1,348,"[3072, 1536]"
0x502424c0,1,342,"[1536, 3072]"
0x50b424c0,1,343,"[1536, 3072]"
0x51442500,1,344,"[512, 3072]"
0x51742500,1,345,"[512, 3072]"
0x51a42540,1,346,"[512, 3072]"
0x51d42540,1,347,"[512, 3072]"
0x52042580,1,362,"[3072, 1536]"
0x532425c0,1,356,"[1536, 3072]"
0x53b425c0,1,357,"[1536, 3072]"
0x54442600,1,358,"[512, 3072]"
0x54742600,1,359,"[512, 3072]"
0x54a42640,1,360,"[512, 3072]"
0x54d42640,1,361,"[512, 3072]"
0x55042680,1,376,"[3072, 1536]"
0x562426c0,1,370,"[1536, 3072]"
0x56b426c0,1,371,"[1536, 3072]"
0x57442700,1,372,"[512, 3072]"
0x57742700,1,373,"[512, 3072]"
0x57a42740,1,374,"[512, 3072]"
0x57d42740,1,375,"[512, 3072]"
0x58042780,1,390,"[3072, 1536]"
0x592427c0,1,384,"[1536, 3072]"
0x59b427c0,1,385,"[1536, 3072]"
0x5a442800,1,386,"[512, 3072]"
0x5a742800,1,387,"[512, 3072]"
0x5aa42840,1,388,"[512, 3072]"
0x5ad42840,1,389,"[512, 3072]"
0x5b042880,1,404,"[3072, 1536]"
0x5c2428c0,1,398,"[1536, 3072]"
0x5cb428c0,1,399,"[1536, 3072]"
0x5d442900,1,400,"[512, 3072]"
0x5d742900,1,401,"[512, 3072]"
0x5da42940,1,402,"[512, 3072]"
0x5dd42940,1,403,"[512, 3072]"
0x5e042980,1,418,"[3072, 1536]"
0x5f2429c0,1,412,"[1536, 3072]"
0x5fb429c0,1,413,"[1536, 3072]"
0x60442a00,1,414,"[512, 3072]"
0x60742a00,1,415,"[512, 3072]"
0x60a42a40,1,416,"[512, 3072]"
0x60d42a40,1,417,"[512, 3072]"
0x61042a80,1,432,"[3072, 1536]"
0x62242ac0,1,426,"[1536, 3072]"
0x62b42ac0,1,427,"[1536, 3072]"
0x63442b00,1,428,"[512, 3072]"
0x63742b00,1,429,"[512, 3072]"
0x63a42b40,1,430,"[512, 3072]"
0x63d42b40,1,431,"[512, 3072]"
0x64042b80,1,446,"[3072, 1536]"
0x65242bc0,1,440,"[1536, 3072]"
0x65b42bc0,1,441,"[1536, 3072]"
0x66442c00,1,442,"[512, 3072]"
0x66742c00,1,443,"[512, 3072]"
0x66a42c40,1,444,"[512, 3072]"
0x66d42c40,1,445,"[512, 3072]"
0x67042c80,1,460,"[3072, 1536]"
0x68242cc0,1,454,"[1536, 3072]"
0x68b42cc0,1,455,"[1536, 3072]"
0x69442d00,1,456,"[512, 3072]"
0x69742d00,1,457,"[512, 3072]"
0x69a42d40,1,458,"[512, 3072]"
0x69d42d40,1,459,"[512, 3072]"
0x6a042d80,1,474,"[3072, 1536]"
0x6b242dc0,1,468,"[1536, 3072]"
0x6bb42dc0,1,469,"[1536, 3072]"
0x6c442e00,1,470,"[512, 3072]"
0x6c742e00,1,471,"[512, 3072]"
0x6ca42e40,1,472,"[512, 3072]"
0x6cd42e40,1,473,"[512, 3072]"
0x6d042e80,1,488,"[3072, 1536]"
0x6e242ec0,1,482,"[1536, 3072]"
0x6eb42ec0,1,483,"[1536, 3072]"
0x6f442f00,1,484,"[512, 3072]"
0x6f742f00,1,485,"[512, 3072]"
0x6fa42f40,1,486,"[512, 3072]"
0x6fd42f40,1,487,"[512, 3072]"
0x70042f80,1,502,"[3072, 1536]"
0x71242fc0,1,496,"[1536, 3072]"
0x71b42fc0,1,497,"[1536, 3072]"
0x72443000,1,498,"[512, 3072]"
0x72743000,1,499,"[512, 3072]"
0x72a43040,1,500,"[512, 3072]"
0x72d43040,1,501,"[512, 3072]"
0x742430c0,1,116,"[3072, 4096]"
0x75a43100,1,117,"[3072, 4096]"
0x77243140,1,124,"[3072, 1536]"
0x77b43180,1,125,"[3072, 1536]"
0x784431c0,1,130,"[3072, 4096]"
0x79c43200,1,131,"[3072, 4096]"
0x7b443240,1,139,"[3072, 1536]"
0x7bd43280,1,144,"[3072, 4096]"
0x7d5432c0,1,145,"[3072, 4096]"
0x7ed43300,1,153,"[3072, 1536]"
0x7f1e21fce040,1,490,"[4096, 3072]"
0x7f1e237ce040,1,491,"[4096, 3072]"
0x7f1e24fcf040,1,492,"[4096, 3072]"
0x7f1e267cf040,1,493,"[4096, 3072]"
0x7f1e2afd1040,1,476,"[4096, 3072]"
0x7f1e2c7d1040,1,477,"[4096, 3072]"
0x7f1e2dfd2040,1,478,"[4096, 3072]"
0x7f1e2f7d2040,1,479,"[4096, 3072]"
0x7f1e33fd4040,1,462,"[4096, 3072]"
0x7f1e357d4040,1,463,"[4096, 3072]"
0x7f1e36fd5040,1,464,"[4096, 3072]"
0x7f1e387d5040,1,465,"[4096, 3072]"
0x7f1e3cfd7040,1,448,"[4096, 3072]"
0x7f1e3e7d7040,1,449,"[4096, 3072]"
0x7f1e3ffd8040,1,450,"[4096, 3072]"
0x7f1e417d8040,1,451,"[4096, 3072]"
0x7f1e45fda040,1,434,"[4096, 3072]"
0x7f1e477da040,1,435,"[4096, 3072]"
0x7f1e48fdb040,1,436,"[4096, 3072]"
0x7f1e4a7db040,1,437,"[4096, 3072]"
0x7f1e4efdd040,1,420,"[4096, 3072]"
0x7f1e507dd040,1,421,"[4096, 3072]"
0x7f1e51fde040,1,422,"[4096, 3072]"
0x7f1e537de040,1,423,"[4096, 3072]"
0x7f1e57fe0040,1,406,"[4096, 3072]"
0x7f1e597e0040,1,407,"[4096, 3072]"
0x7f1e5afe1040,1,408,"[4096, 3072]"
0x7f1e5c7e1040,1,409,"[4096, 3072]"
0x7f1e60fe3040,1,392,"[4096, 3072]"
0x7f1e627e3040,1,393,"[4096, 3072]"
0x7f1e63fe4040,1,394,"[4096, 3072]"
0x7f1e657e4040,1,395,"[4096, 3072]"
0x7f1e69fe6040,1,378,"[4096, 3072]"
0x7f1e6b7e6040,1,379,"[4096, 3072]"
0x7f1e6cfe7040,1,380,"[4096, 3072]"
0x7f1e6e7e7040,1,381,"[4096, 3072]"
0x7f1e72fe9040,1,364,"[4096, 3072]"
0x7f1e747e9040,1,365,"[4096, 3072]"
0x7f1e75fea040,1,366,"[4096, 3072]"
0x7f1e777ea040,1,367,"[4096, 3072]"
0x7f1e7bfec040,1,350,"[4096, 3072]"
0x7f1e7d7ec040,1,351,"[4096, 3072]"
0x7f1e7efed040,1,352,"[4096, 3072]"
0x7f1e807ed040,1,353,"[4096, 3072]"
0x7f1e84fef040,1,336,"[4096, 3072]"
0x7f1e867ef040,1,337,"[4096, 3072]"
0x7f1e87ff0040,1,338,"[4096, 3072]"
0x7f1e897f0040,1,339,"[4096, 3072]"
0x7f1e8dff2040,1,322,"[4096, 3072]"
0x7f1e8f7f2040,1,323,"[4096, 3072]"
0x7f1e90ff3040,1,324,"[4096, 3072]"
0x7f1e927f3040,1,325,"[4096, 3072]"
0x7f1e96ff5040,1,308,"[4096, 3072]"
0x7f1e987f5040,1,309,"[4096, 3072]"
0x7f1e99ff6040,1,310,"[4096, 3072]"
0x7f1e9b7f6040,1,311,"[4096, 3072]"
0x7f1e9fff8040,1,294,"[4096, 3072]"
0x7f1ea17f8040,1,295,"[4096, 3072]"
0x7f1ea2ff9040,1,296,"[4096, 3072]"
0x7f1ea47f9040,1,297,"[4096, 3072]"
0x7f1ea8ffb040,1,280,"[4096, 3072]"
0x7f1eaa7fb040,1,281,"[4096, 3072]"
0x7f1eabffc040,1,282,"[4096, 3072]"
0x7f1ead7fc040,1,283,"[4096, 3072]"
0x7f1eb1ffe040,1,266,"[4096, 3072]"
0x7f1eb37fe040,1,267,"[4096, 3072]"
0x7f1eb4fff040,1,268,"[4096, 3072]"
0x7f1eb67ff040,1,269,"[4096, 3072]"
0x7f1ec4fff040,1,252,"[4096, 3072]"
0x7f1ec67ff040,1,253,"[4096, 3072]"
0x7f1eccfff040,1,254,"[4096, 3072]"
0x7f1ece7ff040,1,255,"[4096, 3072]"
0x7f1edcfff040,1,238,"[4096, 3072]"
0x7f1ede7ff040,1,239,"[4096, 3072]"
0x7f1ee4fff040,1,240,"[4096, 3072]"
0x7f1ee67ff040,1,241,"[4096, 3072]"
0x7f1ef4fff040,1,224,"[4096, 3072]"
0x7f1ef67ff040,1,225,"[4096, 3072]"
0x7f1efcfff040,1,226,"[4096, 3072]"
0x7f1efe7ff040,1,227,"[4096, 3072]"
0x7f1f0cfff040,1,210,"[4096, 3072]"
0x7f1f0e7ff040,1,211,"[4096, 3072]"
0x7f1f14fff040,1,212,"[4096, 3072]"
0x7f1f167ff040,1,213,"[4096, 3072]"
0x7f1f24fff040,1,196,"[4096, 3072]"
0x7f1f267ff040,1,197,"[4096, 3072]"
0x7f1f2cfff040,1,198,"[4096, 3072]"
0x7f1f2e7ff040,1,199,"[4096, 3072]"
0x7f1f70fff040,1,182,"[4096, 3072]"
0x7f1f727ff040,1,183,"[4096, 3072]"
0x7f1f78fff040,1,184,"[4096, 3072]"
0x7f1f7a7ff040,1,185,"[4096, 3072]"
0x7f1f88fff040,1,168,"[4096, 3072]"
0x7f1f8a7ff040,1,169,"[4096, 3072]"
0x7f1f90fff040,1,170,"[4096, 3072]"
0x7f1f927ff040,1,171,"[4096, 3072]"
0x7f1fa0fff040,1,154,"[4096, 3072]"
0x7f1fa27ff040,1,155,"[4096, 3072]"
0x7f1fa8fff040,1,156,"[4096, 3072]"
0x7f1faa7ff040,1,157,"[4096, 3072]"
0x7f1fb8fff040,1,140,"[4096, 3072]"
0x7f1fba7ff040,1,141,"[4096, 3072]"
0x7f1fc0fff040,1,142,"[4096, 3072]"
0x7f1fc27ff040,1,143,"[4096, 3072]"
0x7f1fd0fff040,1,126,"[4096, 3072]"
0x7f1fd27ff040,1,127,"[4096, 3072]"
0x7f1fd8fff040,1,128,"[4096, 3072]"
0x7f1fda7ff040,1,129,"[4096, 3072]"
0x7f1fe8fff040,1,112,"[4096, 3072]"
0x7f1fea7ff040,1,113,"[4096, 3072]"
0x7f1ff0fff040,1,114,"[4096, 3072]"
0x7f1ff27ff040,1,115,"[4096, 3072]"
0x7f643340,1,158,"[3072, 4096]"
0x80e43380,1,159,"[3072, 4096]"
0x826433c0,1,167,"[3072, 1536]"
0x82f43400,1,172,"[3072, 4096]"
0x84743440,1,173,"[3072, 4096]"
0x85f43480,1,181,"[3072, 1536]"
0x868434c0,1,186,"[3072, 4096]"
0x88043500,1,187,"[3072, 4096]"
0x89843540,1,195,"[3072, 1536]"
0x8a143580,1,200,"[3072, 4096]"
0x8b9435c0,1,201,"[3072, 4096]"
0x8d143600,1,209,"[3072, 1536]"
0x8da43640,1,214,"[3072, 4096]"
0x8f243680,1,215,"[3072, 4096]"
0x90a436c0,1,223,"[3072, 1536]"
0x91343700,1,228,"[3072, 4096]"
0x92b43740,1,229,"[3072, 4096]"
0x94343780,1,237,"[3072, 1536]"
0x94c437c0,1,242,"[3072, 4096]"
0x96443800,1,243,"[3072, 4096]"
0x97c43840,1,251,"[3072, 1536]"
0x98543880,1,256,"[3072, 4096]"
0x99d438c0,1,257,"[3072, 4096]"
0x9b543900,1,265,"[3072, 1536]"
0x9be43940,1,270,"[3072, 4096]"
0x9d643980,1,271,"[3072, 4096]"
0x9ee439c0,1,279,"[3072, 1536]"
0x9f743a00,1,284,"[3072, 4096]"
0xa0f43a40,1,285,"[3072, 4096]"
0xa2743a80,1,293,"[3072, 1536]"
0xa3043ac0,1,298,"[3072, 4096]"
0xa4843b00,1,299,"[3072, 4096]"
0xa6043b40,1,307,"[3072, 1536]"
0xa6943b80,1,312,"[3072, 4096]"
0xa8143bc0,1,313,"[3072, 4096]"
0xa9943c00,1,321,"[3072, 1536]"
0xaa243c40,1,326,"[3072, 4096]"
0xaba43c80,1,327,"[3072, 4096]"
0xad243cc0,1,335,"[3072, 1536]"
0xadb43d00,1,340,"[3072, 4096]"
0xaf343d40,1,341,"[3072, 4096]"
0xb0b43d80,1,349,"[3072, 1536]"
0xb1443dc0,1,354,"[3072, 4096]"
0xb2c43e00,1,355,"[3072, 4096]"
0xb4443e40,1,363,"[3072, 1536]"
0xb4d43e80,1,368,"[3072, 4096]"
0xb6543ec0,1,369,"[3072, 4096]"
0xb7d43f00,1,377,"[3072, 1536]"
0xb8643f40,1,382,"[3072, 4096]"
0xb9e43f80,1,383,"[3072, 4096]"
0xbb643fc0,1,391,"[3072, 1536]"
0xbbf44000,1,396,"[3072, 4096]"
0xbd744040,1,397,"[3072, 4096]"
0xbef44080,1,405,"[3072, 1536]"
0xbf8440c0,1,410,"[3072, 4096]"
0xc1044100,1,411,"[3072, 4096]"
0xc2844140,1,419,"[3072, 1536]"
0xc3144180,1,424,"[3072, 4096]"
0xc49441c0,1,425,"[3072, 4096]"
0xc6144200,1,433,"[3072, 1536]"
0xc6a44240,1,438,"[3072, 4096]"
0xc8244280,1,439,"[3072, 4096]"
0xc9a442c0,1,447,"[3072, 1536]"
0xca344300,1,452,"[3072, 4096]"
0xcbb44340,1,453,"[3072, 4096]"
0xcd344380,1,461,"[3072, 1536]"
0xcdc443c0,1,466,"[3072, 4096]"
0xcf444400,1,467,"[3072, 4096]"
0xd0c44440,1,475,"[3072, 1536]"
0xd1544480,1,480,"[3072, 4096]"
0xd2d444c0,1,481,"[3072, 4096]"
0xd4544500,1,489,"[3072, 1536]"
0xd4e44540,1,494,"[3072, 4096]"
0xd6644580,1,495,"[3072, 4096]"
0xd7e445c0,1,503,"[3072, 1536]"
0xf7d3240,1,63,"[8, 4, 128, 128]"
0xf9d3280,1,62,"[8, 4, 128, 128]"
0xfbd32c0,1,61,"[8, 4, 128, 128]"
0xfdd3300,1,59,"[8, 4, 128, 128]"
0xffd3340,1,105,"[8, 4, 128, 128]"
